timeStamp,elapsed,label,responseCode,responseMessage,threadName,dataType,success,failureMessage,bytes,sentBytes,grpThreads,allThreads,URL,Latency,IdleTime,Connect
1721504788011,699,Load Login(for key),200,OK,Login  1-1,text,true,,39684,157,18,18,https://magento.softwaretestingboard.com/customer/account/login,679,0,131
1721504788053,683,Load Login(for key),200,OK,Login  1-2,text,true,,39684,157,19,19,https://magento.softwaretestingboard.com/customer/account/login,669,0,89
1721504788100,651,Load Login(for key),200,OK,Login  1-3,text,true,,39697,157,19,19,https://magento.softwaretestingboard.com/customer/account/login,645,0,106
1721504788133,755,Load Login(for key),200,OK,Login  1-4,text,true,,39680,157,22,22,https://magento.softwaretestingboard.com/customer/account/login,737,0,79
1721504788171,753,Load Login(for key),200,OK,Login  1-5,text,true,,39688,157,23,23,https://magento.softwaretestingboard.com/customer/account/login,740,0,104
1721504788213,712,Load Login(for key),200,OK,Login  1-6,text,true,,39676,157,23,23,https://magento.softwaretestingboard.com/customer/account/login,711,0,79
1721504788252,740,Load Login(for key),200,OK,Login  1-7,text,true,,39687,157,25,25,https://magento.softwaretestingboard.com/customer/account/login,697,0,94
1721504788372,673,Load Login(for key),200,OK,Login  1-10,text,true,,39688,157,26,26,https://magento.softwaretestingboard.com/customer/account/login,672,0,96
1721504788333,743,Load Login(for key),200,OK,Login  1-9,text,true,,39682,157,27,27,https://magento.softwaretestingboard.com/customer/account/login,731,0,78
1721504788294,804,Load Login(for key),200,OK,Login  1-8,text,true,,39682,157,28,28,https://magento.softwaretestingboard.com/customer/account/login,784,0,97
1721504788414,701,Load Login(for key),200,OK,Login  1-11,text,true,,39678,157,28,28,https://magento.softwaretestingboard.com/customer/account/login,689,0,114
1721504788495,737,Load Login(for key),200,OK,Login  1-13,text,true,,39678,157,31,31,https://magento.softwaretestingboard.com/customer/account/login,702,0,90
1721504788572,724,Load Login(for key),200,OK,Login  1-15,text,true,,39688,157,33,33,https://magento.softwaretestingboard.com/customer/account/login,708,0,76
1721504788532,865,Load Login(for key),200,OK,Login  1-14,text,true,,39688,157,35,35,https://magento.softwaretestingboard.com/customer/account/login,857,0,85
1721504788612,800,Load Login(for key),200,OK,Login  1-16,text,true,,39682,157,36,36,https://magento.softwaretestingboard.com/customer/account/login,794,0,107
1721504788692,844,Load Login(for key),200,OK,Login  1-18,text,true,,39676,157,39,39,https://magento.softwaretestingboard.com/customer/account/login,824,0,122
1721504788652,927,Load Login(for key),200,OK,Login  1-17,text,true,,39684,157,40,40,https://magento.softwaretestingboard.com/customer/account/login,910,0,122
1721504788732,865,Load Login(for key),200,OK,Login  1-19,text,true,,39686,157,40,40,https://magento.softwaretestingboard.com/customer/account/login,854,0,94
1721504788454,1236,Load Login(for key),200,OK,Login  1-12,text,true,,39678,157,42,42,https://magento.softwaretestingboard.com/customer/account/login,1214,0,93
1721504788774,969,Load Login(for key),200,OK,Login  1-20,text,true,,39691,157,44,44,https://magento.softwaretestingboard.com/customer/account/login,929,0,103
1721504789091,1207,Load Login(for key),200,OK,Login  1-28,text,true,,39680,157,50,50,https://magento.softwaretestingboard.com/customer/account/login,1176,0,154
1721504789132,1167,Load Login(for key),200,OK,Login  1-29,text,true,,39684,157,50,50,https://magento.softwaretestingboard.com/customer/account/login,1167,0,110
1721504789211,1174,Load Login(for key),200,OK,Login  1-31,text,true,,39680,157,50,50,https://magento.softwaretestingboard.com/customer/account/login,1163,0,95
1721504789251,1347,Load Login(for key),200,OK,Login  1-32,text,true,,39684,157,50,50,https://magento.softwaretestingboard.com/customer/account/login,1322,0,116
1721504789052,1557,Load Login(for key),200,OK,Login  1-27,text,true,,39680,157,50,50,https://magento.softwaretestingboard.com/customer/account/login,1525,0,118
1721504789291,1402,Load Login(for key),200,OK,Login  1-33,text,true,,39680,157,50,50,https://magento.softwaretestingboard.com/customer/account/login,1398,0,80
1721504788934,1779,Load Login(for key),200,OK,Login  1-24,text,true,,39680,157,50,50,https://magento.softwaretestingboard.com/customer/account/login,1765,0,152
1721504788852,1898,Load Login(for key),200,OK,Login  1-22,text,true,,39676,157,50,50,https://magento.softwaretestingboard.com/customer/account/login,1884,0,145
1721504789171,1621,Load Login(for key),200,OK,Login  1-30,text,true,,39676,157,50,50,https://magento.softwaretestingboard.com/customer/account/login,1601,0,137
1721504789372,1513,Load Login(for key),200,OK,Login  1-35,text,true,,39680,157,50,50,https://magento.softwaretestingboard.com/customer/account/login,1497,0,119
1721504789972,1399,Load Login(for key),200,OK,Login  1-50,text,true,,39686,157,50,50,https://magento.softwaretestingboard.com/customer/account/login,1376,0,83
1721504789852,1529,Load Login(for key),200,OK,Login  1-47,text,true,,39684,157,50,50,https://magento.softwaretestingboard.com/customer/account/login,1529,0,99
1721504788892,2600,Load Login(for key),200,OK,Login  1-23,text,true,,39684,157,50,50,https://magento.softwaretestingboard.com/customer/account/login,2600,0,113
1721504789531,2267,Load Login(for key),200,OK,Login  1-39,text,true,,39688,157,50,50,https://magento.softwaretestingboard.com/customer/account/login,2260,0,119
1721504788972,2909,Load Login(for key),200,OK,Login  1-25,text,true,,39676,157,50,50,https://magento.softwaretestingboard.com/customer/account/login,2889,0,132
1721504788739,3436,Login,200,OK,Login  1-2,text,true,,58326,774,50,50,https://magento.softwaretestingboard.com/customer/account/,1422,0,0
1721504788739,1422,Login-0,302,Found,Login  1-2,text,true,,6781,403,50,50,https://magento.softwaretestingboard.com/customer/account/loginPost,1422,0,0
1721504790162,2013,Login-1,200,OK,Login  1-2,text,true,,51545,371,50,50,https://magento.softwaretestingboard.com/customer/account/,1973,0,0
1721504788891,3576,Login,200,OK,Login  1-4,text,true,,58307,774,50,50,https://magento.softwaretestingboard.com/customer/account/,1501,0,0
1721504788891,1501,Login-0,302,Found,Login  1-4,text,true,,6779,403,50,50,https://magento.softwaretestingboard.com/customer/account/loginPost,1501,0,0
1721504790392,2075,Login-1,200,OK,Login  1-4,text,true,,51528,371,50,50,https://magento.softwaretestingboard.com/customer/account/,2061,0,0
1721504788716,3839,Login,200,OK,Login  1-1,text,true,,58318,774,50,50,https://magento.softwaretestingboard.com/customer/account/,980,0,0
1721504788716,980,Login-0,302,Found,Login  1-1,text,true,,6787,403,50,50,https://magento.softwaretestingboard.com/customer/account/loginPost,980,0,0
1721504789696,2859,Login-1,200,OK,Login  1-1,text,true,,51531,371,50,50,https://magento.softwaretestingboard.com/customer/account/,2802,0,0
1721504789572,3045,Load Login(for key),200,OK,Login  1-40,text,true,,39680,157,50,50,https://magento.softwaretestingboard.com/customer/account/login,3004,0,78
1721504789611,3149,Load Login(for key),200,OK,Login  1-41,text,true,,39676,157,50,50,https://magento.softwaretestingboard.com/customer/account/login,3135,0,129
1721504788814,4206,Load Login(for key),200,OK,Login  1-21,text,true,,39682,157,50,50,https://magento.softwaretestingboard.com/customer/account/login,4186,0,108
1721504789538,3709,Login,200,OK,Login  1-18,text,true,,58315,774,50,50,https://magento.softwaretestingboard.com/customer/account/,1550,0,0
1721504789538,1550,Login-0,302,Found,Login  1-18,text,true,,6783,403,50,50,https://magento.softwaretestingboard.com/customer/account/loginPost,1550,0,0
1721504791088,2159,Login-1,200,OK,Login  1-18,text,true,,51532,371,50,50,https://magento.softwaretestingboard.com/customer/account/,2152,0,0
1721504789100,4152,Login,200,OK,Login  1-8,text,true,,58311,774,50,50,https://magento.softwaretestingboard.com/customer/account/,1959,0,0
1721504789100,1959,Login-0,302,Found,Login  1-8,text,true,,6779,403,50,50,https://magento.softwaretestingboard.com/customer/account/loginPost,1959,0,0
1721504791060,2192,Login-1,200,OK,Login  1-8,text,true,,51532,371,50,50,https://magento.softwaretestingboard.com/customer/account/,2187,0,0
1721504789300,4032,Login,200,OK,Login  1-15,text,true,,58313,774,50,50,https://magento.softwaretestingboard.com/customer/account/,1759,0,0
1721504789300,1759,Login-0,302,Found,Login  1-15,text,true,,6787,403,50,50,https://magento.softwaretestingboard.com/customer/account/loginPost,1759,0,0
1721504791060,2272,Login-1,200,OK,Login  1-15,text,true,,51526,371,50,50,https://magento.softwaretestingboard.com/customer/account/,2201,0,0
1721504789080,4264,Login,200,OK,Login  1-9,text,true,,58317,774,50,50,https://magento.softwaretestingboard.com/customer/account/,2072,0,0
1721504789080,2072,Login-0,302,Found,Login  1-9,text,true,,6785,403,50,50,https://magento.softwaretestingboard.com/customer/account/loginPost,2072,0,0
1721504791152,2192,Login-1,200,OK,Login  1-9,text,true,,51532,371,50,50,https://magento.softwaretestingboard.com/customer/account/,2181,0,0
1721504789580,3798,Login,200,OK,Login  1-17,text,true,,58303,774,50,50,https://magento.softwaretestingboard.com/customer/account/,1717,0,0
1721504789580,1717,Login-0,302,Found,Login  1-17,text,true,,6779,403,50,50,https://magento.softwaretestingboard.com/customer/account/loginPost,1717,0,0
1721504791297,2081,Login-1,200,OK,Login  1-17,text,true,,51524,371,50,50,https://magento.softwaretestingboard.com/customer/account/,2061,0,0
1721504788754,4687,Login,200,OK,Login  1-3,text,true,,58321,774,50,50,https://magento.softwaretestingboard.com/customer/account/,1026,0,0
1721504788754,1026,Login-0,302,Found,Login  1-3,text,true,,6787,403,50,50,https://magento.softwaretestingboard.com/customer/account/loginPost,1026,0,0
1721504789781,3660,Login-1,200,OK,Login  1-3,text,true,,51534,371,50,50,https://magento.softwaretestingboard.com/customer/account/,3638,0,0
1721504789732,3960,Load Login(for key),200,OK,Login  1-44,text,true,,39678,157,50,50,https://magento.softwaretestingboard.com/customer/account/login,3955,0,87
1721504790301,3652,Login,200,OK,Login  1-29,text,true,,58315,774,50,50,https://magento.softwaretestingboard.com/customer/account/,1782,0,0
1721504790301,1782,Login-0,302,Found,Login  1-29,text,true,,6785,403,50,50,https://magento.softwaretestingboard.com/customer/account/loginPost,1782,0,0
1721504792083,1870,Login-1,200,OK,Login  1-29,text,true,,51530,371,50,50,https://magento.softwaretestingboard.com/customer/account/,1859,0,0
1721504789416,4615,Login,200,OK,Login  1-16,text,true,,58311,774,50,50,https://magento.softwaretestingboard.com/customer/account/,2667,0,0
1721504789416,2667,Login-0,302,Found,Login  1-16,text,true,,6789,403,50,50,https://magento.softwaretestingboard.com/customer/account/loginPost,2667,0,0
1721504792083,1948,Login-1,200,OK,Login  1-16,text,true,,51522,371,50,50,https://magento.softwaretestingboard.com/customer/account/,1939,0,0
1721504789598,4579,Login,200,OK,Login  1-19,text,true,,58323,774,50,50,https://magento.softwaretestingboard.com/customer/account/,2870,0,0
1721504789598,2870,Login-0,302,Found,Login  1-19,text,true,,6793,403,50,50,https://magento.softwaretestingboard.com/customer/account/loginPost,2870,0,0
1721504792469,1708,Login-1,200,OK,Login  1-19,text,true,,51530,371,50,50,https://magento.softwaretestingboard.com/customer/account/,1696,0,0
1721504790388,3891,Login,200,OK,Login  1-31,text,true,,58319,774,50,50,https://magento.softwaretestingboard.com/customer/account/,1586,0,0
1721504790388,1586,Login-0,302,Found,Login  1-31,text,true,,6789,403,50,50,https://magento.softwaretestingboard.com/customer/account/loginPost,1586,0,0
1721504791974,2305,Login-1,200,OK,Login  1-31,text,true,,51530,371,50,50,https://magento.softwaretestingboard.com/customer/account/,2293,0,0
1721504792556,1872,Account Page,200,OK,Login  1-1,text,true,,51508,370,50,50,https://magento.softwaretestingboard.com/customer/account,1843,0,0
1721504792469,2201,Account Page,200,OK,Login  1-4,text,true,,51512,370,50,50,https://magento.softwaretestingboard.com/customer/account,2187,0,0
1721504789048,5745,Login,200,OK,Login  1-10,text,true,,58313,774,50,50,https://magento.softwaretestingboard.com/customer/account/,3717,0,0
1721504789048,3717,Login-0,302,Found,Login  1-10,text,true,,6785,403,50,50,https://magento.softwaretestingboard.com/customer/account/loginPost,3717,0,0
1721504792765,2028,Login-1,200,OK,Login  1-10,text,true,,51528,371,50,50,https://magento.softwaretestingboard.com/customer/account/,2017,0,0
1721504789746,5255,Login,200,OK,Login  1-20,text,true,,58315,774,50,50,https://magento.softwaretestingboard.com/customer/account/,2999,0,0
1721504789746,2999,Login-0,302,Found,Login  1-20,text,true,,6781,403,50,50,https://magento.softwaretestingboard.com/customer/account/loginPost,2999,0,0
1721504792746,2255,Login-1,200,OK,Login  1-20,text,true,,51534,371,50,50,https://magento.softwaretestingboard.com/customer/account/,2218,0,0
1721504789411,5610,Load Login(for key),200,OK,Login  1-36,text,true,,39684,157,50,50,https://magento.softwaretestingboard.com/customer/account/login,5606,0,129
1721504789238,5866,Login,200,OK,Login  1-13,text,true,,58313,774,50,50,https://magento.softwaretestingboard.com/customer/account/,1554,0,0
1721504789238,1554,Login-0,302,Found,Login  1-13,text,true,,6781,403,50,50,https://magento.softwaretestingboard.com/customer/account/loginPost,1554,0,0
1721504790792,4312,Login-1,200,OK,Login  1-13,text,true,,51532,371,50,50,https://magento.softwaretestingboard.com/customer/account/,4272,0,0
1721504793248,2335,Account Page,200,OK,Login  1-18,text,true,,51510,370,50,50,https://magento.softwaretestingboard.com/customer/account,2316,0,0
1721504789402,6182,Login,200,OK,Login  1-14,text,true,,58311,774,50,50,https://magento.softwaretestingboard.com/customer/account/,1773,0,0
1721504789402,1773,Login-0,302,Found,Login  1-14,text,true,,6787,403,50,50,https://magento.softwaretestingboard.com/customer/account/loginPost,1773,0,0
1721504791175,4409,Login-1,200,OK,Login  1-14,text,true,,51524,371,50,50,https://magento.softwaretestingboard.com/customer/account/,4408,0,0
1721504793254,2431,Account Page,200,OK,Login  1-8,text,true,,51510,370,50,50,https://magento.softwaretestingboard.com/customer/account,2377,0,0
1721504791884,3806,Login,200,OK,Login  1-25,text,true,,58313,774,50,50,https://magento.softwaretestingboard.com/customer/account/,1686,0,0
1721504791884,1686,Login-0,302,Found,Login  1-25,text,true,,6783,403,50,50,https://magento.softwaretestingboard.com/customer/account/loginPost,1686,0,0
1721504793570,2120,Login-1,200,OK,Login  1-25,text,true,,51530,371,50,50,https://magento.softwaretestingboard.com/customer/account/,2118,0,0
1721504793345,2348,Account Page,200,OK,Login  1-9,text,true,,51520,370,50,50,https://magento.softwaretestingboard.com/customer/account,2346,0,0
1721504793954,1922,Account Page,200,OK,Login  1-29,text,true,,51525,370,50,50,https://magento.softwaretestingboard.com/customer/account,1912,0,0
1721504794031,2037,Account Page,200,OK,Login  1-16,text,true,,51512,370,50,50,https://magento.softwaretestingboard.com/customer/account,2016,0,0
1721504794177,1891,Account Page,200,OK,Login  1-19,text,true,,51520,370,50,50,https://magento.softwaretestingboard.com/customer/account,1891,0,0
1721504790301,5948,Login,200,OK,Login  1-28,text,true,,58321,774,50,50,https://magento.softwaretestingboard.com/customer/account/,3558,0,0
1721504790301,3558,Login-0,302,Found,Login  1-28,text,true,,6785,403,50,50,https://magento.softwaretestingboard.com/customer/account/loginPost,3558,0,0
1721504793859,2390,Login-1,200,OK,Login  1-28,text,true,,51536,371,50,50,https://magento.softwaretestingboard.com/customer/account/,2365,0,0
1721504788994,7290,Login,200,OK,Login  1-7,text,true,,58315,774,50,50,https://magento.softwaretestingboard.com/customer/account/,4987,0,0
1721504788994,4987,Login-0,302,Found,Login  1-7,text,true,,6789,403,50,50,https://magento.softwaretestingboard.com/customer/account/loginPost,4987,0,0
1721504793981,2303,Login-1,200,OK,Login  1-7,text,true,,51526,371,50,50,https://magento.softwaretestingboard.com/customer/account/,2281,0,0
1721504790694,5596,Login,200,OK,Login  1-33,text,true,,58321,774,50,50,https://magento.softwaretestingboard.com/customer/account/,3565,0,0
1721504790694,3565,Login-0,302,Found,Login  1-33,text,true,,6783,403,50,50,https://magento.softwaretestingboard.com/customer/account/loginPost,3565,0,0
1721504794259,2031,Login-1,200,OK,Login  1-33,text,true,,51538,371,50,50,https://magento.softwaretestingboard.com/customer/account/,2025,0,0
1721504791495,4861,Login,200,OK,Login  1-23,text,true,,58311,774,50,50,https://magento.softwaretestingboard.com/customer/account/,3090,0,0
1721504791495,3090,Login-0,302,Found,Login  1-23,text,true,,6779,403,50,50,https://magento.softwaretestingboard.com/customer/account/loginPost,3090,0,0
1721504794585,1771,Login-1,200,OK,Login  1-23,text,true,,51532,371,50,50,https://magento.softwaretestingboard.com/customer/account/,1760,0,0
1721504794279,2101,Account Page,200,OK,Login  1-31,text,true,,51537,370,50,50,https://magento.softwaretestingboard.com/customer/account,2084,0,0
1721504790888,5542,Login,200,OK,Login  1-35,text,true,,58315,774,50,50,https://magento.softwaretestingboard.com/customer/account/,1682,0,0
1721504790888,1682,Login-0,302,Found,Login  1-35,text,true,,6783,403,50,50,https://magento.softwaretestingboard.com/customer/account/loginPost,1682,0,0
1721504792570,3860,Login-1,200,OK,Login  1-35,text,true,,51532,371,50,50,https://magento.softwaretestingboard.com/customer/account/,3847,0,0
1721504789772,6742,Load Login(for key),200,OK,Login  1-45,text,true,,39684,157,50,50,https://magento.softwaretestingboard.com/customer/account/login,6698,0,84
1721504794671,1845,Load Login(for key),200,OK,Login  1-4,text,true,,39688,157,50,50,https://magento.softwaretestingboard.com/customer/account/login,1845,0,111
1721504792763,3766,Login,200,OK,Login  1-41,text,true,,58322,774,50,50,https://magento.softwaretestingboard.com/customer/account/,1705,0,0
1721504792763,1705,Login-0,302,Found,Login  1-41,text,true,,6785,403,50,50,https://magento.softwaretestingboard.com/customer/account/loginPost,1705,0,0
1721504794468,2061,Login-1,200,OK,Login  1-41,text,true,,51537,371,50,50,https://magento.softwaretestingboard.com/customer/account/,1912,0,0
1721504792621,3929,Login,200,OK,Login  1-40,text,true,,58313,774,50,50,https://magento.softwaretestingboard.com/customer/account/,2062,0,0
1721504792621,2062,Login-0,302,Found,Login  1-40,text,true,,6783,403,50,50,https://magento.softwaretestingboard.com/customer/account/loginPost,2062,0,0
1721504794684,1866,Login-1,200,OK,Login  1-40,text,true,,51530,371,50,50,https://magento.softwaretestingboard.com/customer/account/,1858,0,0
1721504790601,5962,Login,200,OK,Login  1-32,text,true,,58311,774,50,50,https://magento.softwaretestingboard.com/customer/account/,1574,0,0
1721504790601,1574,Login-0,302,Found,Login  1-32,text,true,,6785,403,50,50,https://magento.softwaretestingboard.com/customer/account/loginPost,1574,0,0
1721504792176,4387,Login-1,200,OK,Login  1-32,text,true,,51526,371,50,50,https://magento.softwaretestingboard.com/customer/account/,4374,0,0
1721504789451,7185,Load Login(for key),200,OK,Login  1-37,text,true,,39690,157,50,50,https://magento.softwaretestingboard.com/customer/account/login,7180,0,95
1721504793022,3730,Login,200,OK,Login  1-21,text,true,,58326,774,50,50,https://magento.softwaretestingboard.com/customer/account/,1744,0,0
1721504793022,1744,Login-0,302,Found,Login  1-21,text,true,,6781,403,50,50,https://magento.softwaretestingboard.com/customer/account/loginPost,1744,0,0
1721504794766,1986,Login-1,200,OK,Login  1-21,text,true,,51545,371,50,50,https://magento.softwaretestingboard.com/customer/account/,1977,0,0
1721504788928,7840,Login,200,OK,Login  1-6,text,true,,58338,774,50,50,https://magento.softwaretestingboard.com/customer/account/,4404,0,0
1721504788928,4404,Login-0,302,Found,Login  1-6,text,true,,6791,403,50,50,https://magento.softwaretestingboard.com/customer/account/loginPost,4404,0,0
1721504793333,3435,Login-1,200,OK,Login  1-6,text,true,,51547,371,50,50,https://magento.softwaretestingboard.com/customer/account/,3422,0,0
1721504795878,1199,Load Login(for key),200,OK,Login  1-29,text,true,,39680,157,50,50,https://magento.softwaretestingboard.com/customer/account/login,1190,0,93
1721504795688,1395,Load Login(for key),200,OK,Login  1-8,text,true,,39680,157,50,50,https://magento.softwaretestingboard.com/customer/account/login,1391,0,93
1721504796070,1228,Load Login(for key),200,OK,Login  1-19,text,true,,39680,157,50,50,https://magento.softwaretestingboard.com/customer/account/login,1216,0,123
1721504796070,1241,Load Login(for key),200,OK,Login  1-16,text,true,,39680,157,50,50,https://magento.softwaretestingboard.com/customer/account/login,1229,0,129
1721504788927,8405,Login,200,OK,Login  1-5,text,true,,58303,774,50,50,https://magento.softwaretestingboard.com/customer/account/,2225,0,0
1721504788927,2225,Login-0,302,Found,Login  1-5,text,true,,6781,403,50,50,https://magento.softwaretestingboard.com/customer/account/loginPost,2225,0,0
1721504791153,6179,Login-1,200,OK,Login  1-5,text,true,,51522,371,50,50,https://magento.softwaretestingboard.com/customer/account/,6172,0,0
1721504795691,1801,Account Page,200,OK,Login  1-25,text,true,,51512,370,50,50,https://magento.softwaretestingboard.com/customer/account,1746,0,0
1721504789650,7848,Load Login(for key),200,OK,Login  1-42,text,true,,39682,157,50,50,https://magento.softwaretestingboard.com/customer/account/login,7844,0,125
1721504789812,7686,Load Login(for key),200,OK,Login  1-46,text,true,,39678,157,50,50,https://magento.softwaretestingboard.com/customer/account/login,7684,0,105
1721504795002,2842,Account Page,200,OK,Login  1-20,text,true,,51512,370,50,50,https://magento.softwaretestingboard.com/customer/account,2839,0,0
1721504794794,3057,Account Page,200,OK,Login  1-10,text,true,,51516,370,50,50,https://magento.softwaretestingboard.com/customer/account,3055,0,0
1721504795105,2920,Account Page,200,OK,Login  1-13,text,true,,51522,370,50,50,https://magento.softwaretestingboard.com/customer/account,2912,0,0
1721504796285,1768,Account Page,200,OK,Login  1-7,text,true,,51510,370,50,50,https://magento.softwaretestingboard.com/customer/account,1762,0,0
1721504796357,1730,Account Page,200,OK,Login  1-23,text,true,,51518,370,50,50,https://magento.softwaretestingboard.com/customer/account,1715,0,0
1721504793379,4836,Account Page,200,OK,Login  1-17,text,true,,51516,370,50,50,https://magento.softwaretestingboard.com/customer/account,4782,0,0
1721504796294,1921,Account Page,200,OK,Login  1-33,text,true,,51508,370,50,50,https://magento.softwaretestingboard.com/customer/account,1921,0,0
1721504796431,1914,Account Page,200,OK,Login  1-35,text,true,,51518,370,50,50,https://magento.softwaretestingboard.com/customer/account,1910,0,0
1721504790753,7730,Login,200,OK,Login  1-22,text,true,,58307,774,50,50,https://magento.softwaretestingboard.com/customer/account/,6103,0,0
1721504790753,6103,Login-0,302,Found,Login  1-22,text,true,,6783,403,50,50,https://magento.softwaretestingboard.com/customer/account/loginPost,6103,0,0
1721504796856,1627,Login-1,200,OK,Login  1-22,text,true,,51524,371,50,50,https://magento.softwaretestingboard.com/customer/account/,1616,0,0
1721504796250,2315,Account Page,200,OK,Login  1-28,text,true,,51520,370,50,50,https://magento.softwaretestingboard.com/customer/account,2298,0,0
1721504790611,8081,Login,200,OK,Login  1-27,text,true,,58325,774,50,50,https://magento.softwaretestingboard.com/customer/account/,6265,0,0
1721504790611,6265,Login-0,302,Found,Login  1-27,text,true,,6791,403,50,50,https://magento.softwaretestingboard.com/customer/account/loginPost,6265,0,0
1721504796877,1815,Login-1,200,OK,Login  1-27,text,true,,51534,371,50,50,https://magento.softwaretestingboard.com/customer/account/,1779,0,0
1721504797493,1200,Load Login(for key),200,OK,Login  1-25,text,true,,39688,157,50,50,https://magento.softwaretestingboard.com/customer/account/login,1199,0,81
1721504796530,2282,Account Page,200,OK,Login  1-41,text,true,,51518,370,50,50,https://magento.softwaretestingboard.com/customer/account,2232,0,0
1721504791374,7503,Login,200,OK,Login  1-50,text,true,,58311,774,50,50,https://magento.softwaretestingboard.com/customer/account/,5703,0,0
1721504791374,5703,Login-0,302,Found,Login  1-50,text,true,,6783,403,50,50,https://magento.softwaretestingboard.com/customer/account/loginPost,5703,0,0
1721504797078,1799,Login-1,200,OK,Login  1-50,text,true,,51528,371,50,50,https://magento.softwaretestingboard.com/customer/account/,1791,0,0
1721504794431,4612,Load Login(for key),200,OK,Login  1-1,text,true,,39687,157,50,50,https://magento.softwaretestingboard.com/customer/account/login,4561,0,82
1721504796551,2533,Account Page,200,OK,Login  1-40,text,true,,51516,370,50,50,https://magento.softwaretestingboard.com/customer/account,2526,0,0
1721504797852,1238,Load Login(for key),200,OK,Login  1-10,text,true,,39692,157,50,50,https://magento.softwaretestingboard.com/customer/account/login,1232,0,91
1721504797846,1341,Load Login(for key),200,OK,Login  1-20,text,true,,39682,157,50,50,https://magento.softwaretestingboard.com/customer/account/login,1337,0,87
1721504798054,1235,Load Login(for key),200,OK,Login  1-7,text,true,,39686,157,50,50,https://magento.softwaretestingboard.com/customer/account/login,1227,0,87
1721504798026,1503,Load Login(for key),200,OK,Login  1-13,text,true,,39678,157,50,50,https://magento.softwaretestingboard.com/customer/account/login,1468,0,97
1721504798346,1340,Load Login(for key),200,OK,Login  1-35,text,true,,39684,157,50,50,https://magento.softwaretestingboard.com/customer/account/login,1326,0,91
1721504798088,1657,Load Login(for key),200,OK,Login  1-23,text,true,,39682,157,50,50,https://magento.softwaretestingboard.com/customer/account/login,1653,0,124
1721504796769,2992,Account Page,200,OK,Login  1-6,text,true,,51516,370,50,50,https://magento.softwaretestingboard.com/customer/account,2976,0,0
1721504798565,1233,Load Login(for key),200,OK,Login  1-28,text,true,,39690,157,50,50,https://magento.softwaretestingboard.com/customer/account/login,1216,0,93
1721504796639,3332,Login,200,OK,Login  1-37,text,true,,58311,774,50,50,https://magento.softwaretestingboard.com/customer/account/,1335,0,0
1721504796639,1335,Login-0,302,Found,Login  1-37,text,true,,6787,403,50,50,https://magento.softwaretestingboard.com/customer/account/loginPost,1335,0,0
1721504797974,1997,Login-1,200,OK,Login  1-37,text,true,,51524,371,50,50,https://magento.softwaretestingboard.com/customer/account/,1967,0,0
1721504798483,1885,Account Page,200,OK,Login  1-22,text,true,,51514,370,50,50,https://magento.softwaretestingboard.com/customer/account,1881,0,0
1721504798814,1580,Load Login(for key),200,OK,Login  1-41,text,true,,39680,157,50,50,https://magento.softwaretestingboard.com/customer/account/login,1569,0,106
1721504789693,10764,Login,200,OK,Login  1-12,text,true,,58313,774,50,50,https://magento.softwaretestingboard.com/customer/account/,8596,0,0
1721504789693,8596,Login-0,302,Found,Login  1-12,text,true,,6789,403,50,50,https://magento.softwaretestingboard.com/customer/account/loginPost,8596,0,0
1721504798289,2168,Login-1,200,OK,Login  1-12,text,true,,51524,371,50,50,https://magento.softwaretestingboard.com/customer/account/,2160,0,0
1721504797323,3428,Login,200,OK,Login  1-16,text,true,,58309,774,50,50,https://magento.softwaretestingboard.com/customer/account/,1540,0,0
1721504797323,1540,Login-0,302,Found,Login  1-16,text,true,,6783,403,50,50,https://magento.softwaretestingboard.com/customer/account/loginPost,1540,0,0
1721504798864,1887,Login-1,200,OK,Login  1-16,text,true,,51526,371,50,50,https://magento.softwaretestingboard.com/customer/account/,1872,0,0
1721504793334,7516,Account Page,200,OK,Login  1-15,text,true,,51520,370,50,50,https://magento.softwaretestingboard.com/customer/account,7499,0,0
1721504797081,3790,Login,200,OK,Login  1-29,text,true,,58315,774,50,50,https://magento.softwaretestingboard.com/customer/account/,1882,0,0
1721504797081,1882,Login-0,302,Found,Login  1-29,text,true,,6789,403,50,50,https://magento.softwaretestingboard.com/customer/account/loginPost,1882,0,0
1721504798964,1907,Login-1,200,OK,Login  1-29,text,true,,51526,371,50,50,https://magento.softwaretestingboard.com/customer/account/,1899,0,0
1721504797499,3392,Login,200,OK,Login  1-46,text,true,,58303,774,50,50,https://magento.softwaretestingboard.com/customer/account/,1566,0,0
1721504797499,1566,Login-0,302,Found,Login  1-46,text,true,,6781,403,50,50,https://magento.softwaretestingboard.com/customer/account/loginPost,1566,0,0
1721504799067,1824,Login-1,200,OK,Login  1-46,text,true,,51522,371,50,50,https://magento.softwaretestingboard.com/customer/account/,1816,0,0
1721504798879,2082,Account Page,200,OK,Login  1-50,text,true,,51512,370,50,50,https://magento.softwaretestingboard.com/customer/account,2073,0,0
1721504797302,3755,Login,200,OK,Login  1-19,text,true,,58313,774,50,50,https://magento.softwaretestingboard.com/customer/account/,1758,0,0
1721504797302,1758,Login-0,302,Found,Login  1-19,text,true,,6787,403,50,50,https://magento.softwaretestingboard.com/customer/account/loginPost,1758,0,0
1721504799061,1996,Login-1,200,OK,Login  1-19,text,true,,51526,371,50,50,https://magento.softwaretestingboard.com/customer/account/,1987,0,0
1721504797499,3570,Login,200,OK,Login  1-42,text,true,,58313,774,50,50,https://magento.softwaretestingboard.com/customer/account/,1596,0,0
1721504797499,1596,Login-0,302,Found,Login  1-42,text,true,,6785,403,50,50,https://magento.softwaretestingboard.com/customer/account/loginPost,1596,0,0
1721504799097,1972,Login-1,200,OK,Login  1-42,text,true,,51528,371,50,50,https://magento.softwaretestingboard.com/customer/account/,1966,0,0
1721504797087,4000,Login,200,OK,Login  1-8,text,true,,58307,774,50,50,https://magento.softwaretestingboard.com/customer/account/,1979,0,0
1721504797087,1979,Login-0,302,Found,Login  1-8,text,true,,6779,403,50,50,https://magento.softwaretestingboard.com/customer/account/loginPost,1979,0,0
1721504799067,2020,Login-1,200,OK,Login  1-8,text,true,,51528,371,50,50,https://magento.softwaretestingboard.com/customer/account/,2008,0,0
1721504791801,9483,Login,200,OK,Login  1-39,text,true,,58313,774,50,50,https://magento.softwaretestingboard.com/customer/account/,1531,0,0
1721504791801,1531,Login-0,302,Found,Login  1-39,text,true,,6785,403,50,50,https://magento.softwaretestingboard.com/customer/account/loginPost,1531,0,0
1721504793333,7951,Login-1,200,OK,Login  1-39,text,true,,51528,371,50,50,https://magento.softwaretestingboard.com/customer/account/,7944,0,0
1721504793695,7701,Login,200,OK,Login  1-44,text,true,,58327,774,50,50,https://magento.softwaretestingboard.com/customer/account/,1665,0,0
1721504793695,1665,Login-0,302,Found,Login  1-44,text,true,,6789,403,50,50,https://magento.softwaretestingboard.com/customer/account/loginPost,1665,0,0
1721504795361,6035,Login-1,200,OK,Login  1-44,text,true,,51538,371,50,50,https://magento.softwaretestingboard.com/customer/account/,6001,0,0
1721504793442,8121,Account Page,200,OK,Login  1-3,text,true,,51529,370,50,50,https://magento.softwaretestingboard.com/customer/account,8094,0,0
1721504796564,5109,Account Page,200,OK,Login  1-32,text,true,,51516,370,50,50,https://magento.softwaretestingboard.com/customer/account,5094,0,0
1721504800370,1331,Load Login(for key),200,OK,Login  1-22,text,true,,39676,157,50,50,https://magento.softwaretestingboard.com/customer/account/login,1323,0,91
1721504798216,3589,Load Login(for key),200,OK,Login  1-17,text,true,,39678,157,50,50,https://magento.softwaretestingboard.com/customer/account/login,3575,0,99
1721504799972,2008,Account Page,200,OK,Login  1-37,text,true,,51520,370,50,50,https://magento.softwaretestingboard.com/customer/account,1992,0,0
1721504799763,2247,Load Login(for key),200,OK,Login  1-6,text,true,,39674,157,50,50,https://magento.softwaretestingboard.com/customer/account/login,2235,0,93
1721504800854,1225,Load Login(for key),200,OK,Login  1-15,text,true,,39682,157,50,50,https://magento.softwaretestingboard.com/customer/account/login,1210,0,107
1721504798694,3575,Login,200,OK,Login  1-25,text,true,,58305,774,50,50,https://magento.softwaretestingboard.com/customer/account/,1674,0,0
1721504798694,1674,Login-0,302,Found,Login  1-25,text,true,,6779,403,50,50,https://magento.softwaretestingboard.com/customer/account/loginPost,1674,0,0
1721504800369,1900,Login-1,200,OK,Login  1-25,text,true,,51526,371,50,50,https://magento.softwaretestingboard.com/customer/account/,1887,0,0
1721504797333,5014,Account Page,200,OK,Login  1-5,text,true,,51516,370,50,50,https://magento.softwaretestingboard.com/customer/account,4993,0,0
1721504800458,1957,Account Page,200,OK,Login  1-12,text,true,,51512,370,50,50,https://magento.softwaretestingboard.com/customer/account,1896,0,0
1721504799047,3378,Login,200,OK,Login  1-1,text,true,,58315,774,50,50,https://magento.softwaretestingboard.com/customer/account/,1748,0,0
1721504799047,1748,Login-0,302,Found,Login  1-1,text,true,,6789,403,50,50,https://magento.softwaretestingboard.com/customer/account/loginPost,1748,0,0
1721504800795,1630,Login-1,200,OK,Login  1-1,text,true,,51526,371,50,50,https://magento.softwaretestingboard.com/customer/account/,1623,0,0
1721504795585,6839,Account Page,200,OK,Login  1-14,text,true,,51514,370,50,50,https://magento.softwaretestingboard.com/customer/account,6839,0,0
1721504799095,3378,Login,200,OK,Login  1-10,text,true,,58334,774,50,50,https://magento.softwaretestingboard.com/customer/account/,1592,0,0
1721504799095,1592,Login-0,302,Found,Login  1-10,text,true,,6783,403,50,50,https://magento.softwaretestingboard.com/customer/account/loginPost,1592,0,0
1721504800687,1786,Login-1,200,OK,Login  1-10,text,true,,51551,371,50,50,https://magento.softwaretestingboard.com/customer/account/,1769,0,0
1721504796383,6092,Load Login(for key),200,OK,Login  1-31,text,true,,39676,157,50,50,https://magento.softwaretestingboard.com/customer/account/login,6091,0,141
1721504800751,1796,Account Page,200,OK,Login  1-16,text,true,,51522,370,50,50,https://magento.softwaretestingboard.com/customer/account,1794,0,0
1721504796753,5796,Account Page,200,OK,Login  1-21,text,true,,51533,370,49,49,https://magento.softwaretestingboard.com/customer/account,5782,0,0
1721504801070,1513,Account Page,200,OK,Login  1-42,text,true,,51516,370,49,49,https://magento.softwaretestingboard.com/customer/account,1504,0,0
1721504801567,1129,Load Login(for key),200,OK,Login  1-3,text,true,,39674,157,49,49,https://magento.softwaretestingboard.com/customer/account/login,1126,0,113
1721504800963,1735,Load Login(for key),200,OK,Login  1-50,text,true,,39676,157,49,49,https://magento.softwaretestingboard.com/customer/account/login,1734,0,146
1721504800884,1857,Account Page,200,OK,Login  1-29,text,true,,51531,370,49,49,https://magento.softwaretestingboard.com/customer/account,1846,0,0
1721504801286,1522,Account Page,200,OK,Login  1-39,text,true,,51512,370,48,48,https://magento.softwaretestingboard.com/customer/account,1495,0,0
1721504796520,6868,Login,200,OK,Login  1-4,text,true,,58308,774,48,48,https://magento.softwaretestingboard.com/customer/account/,5331,0,0
1721504796520,5331,Login-0,302,Found,Login  1-4,text,true,,6781,403,48,48,https://magento.softwaretestingboard.com/customer/account/loginPost,5331,0,0
1721504801852,1536,Login-1,200,OK,Login  1-4,text,true,,51527,371,48,48,https://magento.softwaretestingboard.com/customer/account/,1446,0,0
1721504801982,1406,Load Login(for key),200,OK,Login  1-37,text,true,,39680,157,48,48,https://magento.softwaretestingboard.com/customer/account/login,1392,0,102
1721504795695,7795,Load Login(for key),200,OK,Login  1-9,text,true,,39678,157,48,48,https://magento.softwaretestingboard.com/customer/account/login,7782,0,118
1721504799532,4015,Login,200,OK,Login  1-13,text,true,,58311,774,48,48,https://magento.softwaretestingboard.com/customer/account/,1449,0,0
1721504799532,1449,Login-0,302,Found,Login  1-13,text,true,,6783,403,48,48,https://magento.softwaretestingboard.com/customer/account/loginPost,1449,0,0
1721504800981,2566,Login-1,200,OK,Login  1-13,text,true,,51528,371,48,48,https://magento.softwaretestingboard.com/customer/account/,2549,0,0
1721504798216,5451,Load Login(for key),200,OK,Login  1-33,text,true,,39680,157,48,48,https://magento.softwaretestingboard.com/customer/account/login,5445,0,117
1721504802349,1415,Load Login(for key),200,OK,Login  1-5,text,true,,39693,157,48,48,https://magento.softwaretestingboard.com/customer/account/login,1393,0,135
1721504796518,7426,Login,200,OK,Login  1-45,text,true,,58309,774,48,48,https://magento.softwaretestingboard.com/customer/account/,5561,0,0
1721504796518,5561,Login-0,302,Found,Login  1-45,text,true,,6785,403,48,48,https://magento.softwaretestingboard.com/customer/account/loginPost,5561,0,0
1721504802080,1864,Login-1,200,OK,Login  1-45,text,true,,51524,371,48,48,https://magento.softwaretestingboard.com/customer/account/,1850,0,0
1721504802551,1571,Load Login(for key),200,OK,Login  1-21,text,true,,39680,157,48,48,https://magento.softwaretestingboard.com/customer/account/login,1520,0,144
1721504802473,1658,Account Page,200,OK,Login  1-10,text,true,,51516,370,48,48,https://magento.softwaretestingboard.com/customer/account,1649,0,0
1721504798693,5453,Account Page,200,OK,Login  1-27,text,true,,51514,370,47,47,https://magento.softwaretestingboard.com/customer/account,5438,0,0
1721504801059,3088,Account Page,200,OK,Login  1-19,text,true,,51521,370,47,47,https://magento.softwaretestingboard.com/customer/account,3073,0,0
1721504795024,9431,Login,200,OK,Login  1-36,text,true,,58315,774,46,46,https://magento.softwaretestingboard.com/customer/account/,7327,0,0
1721504795024,7327,Login-0,302,Found,Login  1-36,text,true,,6783,403,46,46,https://magento.softwaretestingboard.com/customer/account/loginPost,7327,0,0
1721504802353,2102,Login-1,200,OK,Login  1-36,text,true,,51532,371,46,46,https://magento.softwaretestingboard.com/customer/account/,2097,0,0
1721504802269,2296,Account Page,200,OK,Login  1-25,text,true,,51512,370,46,46,https://magento.softwaretestingboard.com/customer/account,2271,0,0
1721504799097,5687,Load Login(for key),200,OK,Login  1-40,text,true,,39678,157,45,45,https://magento.softwaretestingboard.com/customer/account/login,5678,0,98
1721504801702,3305,Login,200,OK,Login  1-22,text,true,,58315,774,45,45,https://magento.softwaretestingboard.com/customer/account/,1492,0,0
1721504801702,1492,Login-0,302,Found,Login  1-22,text,true,,6787,403,45,45,https://magento.softwaretestingboard.com/customer/account/loginPost,1492,0,0
1721504803194,1813,Login-1,200,OK,Login  1-22,text,true,,51528,371,45,45,https://magento.softwaretestingboard.com/customer/account/,1784,0,0
1721504803389,1625,Account Page,200,OK,Login  1-4,text,true,,51510,370,45,45,https://magento.softwaretestingboard.com/customer/account,1618,0,0
1721504801813,3352,Login,200,OK,Login  1-17,text,true,,58311,774,44,44,https://magento.softwaretestingboard.com/customer/account/,1379,0,0
1721504801813,1379,Login-0,302,Found,Login  1-17,text,true,,6781,403,44,44,https://magento.softwaretestingboard.com/customer/account/loginPost,1379,0,0
1721504803193,1972,Login-1,200,OK,Login  1-17,text,true,,51530,371,44,44,https://magento.softwaretestingboard.com/customer/account/,1940,0,0
1721504799293,5882,Login,200,OK,Login  1-7,text,true,,58326,774,44,44,https://magento.softwaretestingboard.com/customer/account/,1782,0,0
1721504799293,1782,Login-0,302,Found,Login  1-7,text,true,,6777,403,44,44,https://magento.softwaretestingboard.com/customer/account/loginPost,1782,0,0
1721504801075,4100,Login-1,200,OK,Login  1-7,text,true,,51549,371,44,44,https://magento.softwaretestingboard.com/customer/account/,4093,0,0
1721504800892,4289,Account Page,200,OK,Login  1-46,text,true,,51514,370,44,44,https://magento.softwaretestingboard.com/customer/account,4283,0,0
1721504802011,3361,Login,200,OK,Login  1-6,text,true,,58309,774,44,44,https://magento.softwaretestingboard.com/customer/account/,1550,0,0
1721504802011,1550,Login-0,302,Found,Login  1-6,text,true,,6781,403,44,44,https://magento.softwaretestingboard.com/customer/account/loginPost,1550,0,0
1721504803561,1811,Login-1,200,OK,Login  1-6,text,true,,51528,371,44,44,https://magento.softwaretestingboard.com/customer/account/,1803,0,0
1721504789692,15701,Load Login(for key),200,OK,Login  1-43,text,true,,39686,157,44,44,https://magento.softwaretestingboard.com/customer/account/login,15694,0,114
1721504804149,1332,Load Login(for key),200,OK,Login  1-27,text,true,,39682,157,44,44,https://magento.softwaretestingboard.com/customer/account/login,1323,0,109
1721504803548,1934,Account Page,200,OK,Login  1-13,text,true,,51506,370,44,44,https://magento.softwaretestingboard.com/customer/account,1932,0,0
1721504802082,3470,Login,200,OK,Login  1-15,text,true,,58313,774,43,43,https://magento.softwaretestingboard.com/customer/account/,1514,0,0
1721504802082,1514,Login-0,302,Found,Login  1-15,text,true,,6787,403,43,43,https://magento.softwaretestingboard.com/customer/account/loginPost,1514,0,0
1721504803596,1956,Login-1,200,OK,Login  1-15,text,true,,51526,371,43,43,https://magento.softwaretestingboard.com/customer/account/,1941,0,0
1721504803945,1691,Account Page,200,OK,Login  1-45,text,true,,51527,370,43,43,https://magento.softwaretestingboard.com/customer/account,1682,0,0
1721504801676,4093,Load Login(for key),200,OK,Login  1-32,text,true,,39684,157,43,43,https://magento.softwaretestingboard.com/customer/account/login,4079,0,84
1721504802416,3536,Load Login(for key),200,OK,Login  1-12,text,true,,39688,157,43,43,https://magento.softwaretestingboard.com/customer/account/login,3512,0,126
1721504799191,6863,Login,200,OK,Login  1-20,text,true,,58315,774,43,43,https://magento.softwaretestingboard.com/customer/account/,4941,0,0
1721504799191,4941,Login-0,302,Found,Login  1-20,text,true,,6789,403,43,43,https://magento.softwaretestingboard.com/customer/account/loginPost,4941,0,0
1721504804132,1922,Login-1,200,OK,Login  1-20,text,true,,51526,371,43,43,https://magento.softwaretestingboard.com/customer/account/,1904,0,0
1721504799689,6385,Login,200,OK,Login  1-35,text,true,,58315,774,43,43,https://magento.softwaretestingboard.com/customer/account/,4096,0,0
1721504799689,4096,Login-0,302,Found,Login  1-35,text,true,,6785,403,43,43,https://magento.softwaretestingboard.com/customer/account/loginPost,4096,0,0
1721504803785,2289,Login-1,200,OK,Login  1-35,text,true,,51530,371,43,43,https://magento.softwaretestingboard.com/customer/account/,2278,0,0
1721504802425,3855,Account Page,200,OK,Login  1-1,text,true,,51514,370,43,43,https://magento.softwaretestingboard.com/customer/account,3842,0,0
1721504789891,16514,Load Login(for key),200,OK,Login  1-48,text,true,,39680,157,42,42,https://magento.softwaretestingboard.com/customer/account/login,16494,0,96
1721504805183,1306,Load Login(for key),200,OK,Login  1-46,text,true,,39678,157,42,42,https://magento.softwaretestingboard.com/customer/account/login,1289,0,91
1721504802697,3953,Login,200,OK,Login  1-3,text,true,,58317,774,42,42,https://magento.softwaretestingboard.com/customer/account/,2096,0,0
1721504802697,2096,Login-0,302,Found,Login  1-3,text,true,,6791,403,42,42,https://magento.softwaretestingboard.com/customer/account/loginPost,2096,0,0
1721504804794,1856,Login-1,200,OK,Login  1-3,text,true,,51526,371,42,42,https://magento.softwaretestingboard.com/customer/account/,1844,0,0
1721504799748,6935,Login,200,OK,Login  1-23,text,true,,58323,774,42,42,https://magento.softwaretestingboard.com/customer/account/,3933,0,0
1721504799748,3933,Login-0,302,Found,Login  1-23,text,true,,6789,403,42,42,https://magento.softwaretestingboard.com/customer/account/loginPost,3933,0,0
1721504803681,3002,Login-1,200,OK,Login  1-23,text,true,,51534,371,42,42,https://magento.softwaretestingboard.com/customer/account/,2990,0,0
1721504801088,5607,Account Page,200,OK,Login  1-8,text,true,,51517,370,42,42,https://magento.softwaretestingboard.com/customer/account,5595,0,0
1721504802478,4239,Login,200,OK,Login  1-31,text,true,,58313,774,41,41,https://magento.softwaretestingboard.com/customer/account/,2498,0,0
1721504802478,2498,Login-0,302,Found,Login  1-31,text,true,,6787,403,41,41,https://magento.softwaretestingboard.com/customer/account/loginPost,2498,0,0
1721504804976,1741,Login-1,200,OK,Login  1-31,text,true,,51526,371,41,41,https://magento.softwaretestingboard.com/customer/account/,1719,0,0
1721504803390,3432,Login,200,OK,Login  1-37,text,true,,58309,774,41,41,https://magento.softwaretestingboard.com/customer/account/,1625,0,0
1721504803390,1625,Login-0,302,Found,Login  1-37,text,true,,6779,403,41,41,https://magento.softwaretestingboard.com/customer/account/loginPost,1625,0,0
1721504805016,1806,Login-1,200,OK,Login  1-37,text,true,,51530,371,41,41,https://magento.softwaretestingboard.com/customer/account/,1805,0,0
1721504805009,1821,Account Page,200,OK,Login  1-22,text,true,,51535,370,41,41,https://magento.softwaretestingboard.com/customer/account,1817,0,0
1721504805166,1727,Account Page,200,OK,Login  1-17,text,true,,51518,370,40,40,https://magento.softwaretestingboard.com/customer/account,1709,0,0
1721504805638,1341,Load Login(for key),200,OK,Login  1-45,text,true,,39682,157,39,39,https://magento.softwaretestingboard.com/customer/account/login,1327,0,108
1721504803765,3236,Login,200,OK,Login  1-5,text,true,,58317,774,39,39,https://magento.softwaretestingboard.com/customer/account/,1430,0,0
1721504803765,1430,Login-0,302,Found,Login  1-5,text,true,,6783,403,39,39,https://magento.softwaretestingboard.com/customer/account/loginPost,1430,0,0
1721504805195,1806,Login-1,200,OK,Login  1-5,text,true,,51534,371,39,39,https://magento.softwaretestingboard.com/customer/account/,1800,0,0
1721504803492,3869,Login,200,OK,Login  1-9,text,true,,58315,774,39,39,https://magento.softwaretestingboard.com/customer/account/,1690,0,0
1721504803492,1690,Login-0,302,Found,Login  1-9,text,true,,6781,403,39,39,https://magento.softwaretestingboard.com/customer/account/loginPost,1690,0,0
1721504805182,2179,Login-1,200,OK,Login  1-9,text,true,,51534,371,39,39,https://magento.softwaretestingboard.com/customer/account/,2166,0,0
1721504805176,2242,Account Page,200,OK,Login  1-7,text,true,,51522,370,39,39,https://magento.softwaretestingboard.com/customer/account,2229,0,0
1721504804456,2962,Account Page,200,OK,Login  1-36,text,true,,51518,370,39,39,https://magento.softwaretestingboard.com/customer/account,2906,0,0
1721504802426,4995,Load Login(for key),200,OK,Login  1-14,text,true,,39684,157,38,38,https://magento.softwaretestingboard.com/customer/account/login,4993,0,117
1721504795586,11915,Load Login(for key),200,OK,Login  1-18,text,true,,39680,157,38,38,https://magento.softwaretestingboard.com/customer/account/login,11893,0,117
1721504805553,2001,Account Page,200,OK,Login  1-15,text,true,,51512,370,38,38,https://magento.softwaretestingboard.com/customer/account,1992,0,0
1721504806075,1863,Account Page,200,OK,Login  1-35,text,true,,51520,370,37,37,https://magento.softwaretestingboard.com/customer/account,1859,0,0
1721504806055,1883,Account Page,200,OK,Login  1-20,text,true,,51514,370,37,37,https://magento.softwaretestingboard.com/customer/account,1879,0,0
1721504804788,3500,Login,200,OK,Login  1-40,text,true,,58313,774,35,35,https://magento.softwaretestingboard.com/customer/account/,1523,0,0
1721504804788,1523,Login-0,302,Found,Login  1-40,text,true,,6783,403,35,35,https://magento.softwaretestingboard.com/customer/account/loginPost,1523,0,0
1721504806312,1976,Login-1,200,OK,Login  1-40,text,true,,51530,371,35,35,https://magento.softwaretestingboard.com/customer/account/,1955,0,0
1721504804125,4268,Login,200,OK,Login  1-21,text,true,,58317,774,35,35,https://magento.softwaretestingboard.com/customer/account/,1654,0,0
1721504804125,1654,Login-0,302,Found,Login  1-21,text,true,,6779,403,35,35,https://magento.softwaretestingboard.com/customer/account/loginPost,1654,0,0
1721504805779,2614,Login-1,200,OK,Login  1-21,text,true,,51538,371,35,35,https://magento.softwaretestingboard.com/customer/account/,2591,0,0
1721504805372,3119,Account Page,200,OK,Login  1-6,text,true,,51510,370,35,35,https://magento.softwaretestingboard.com/customer/account,3097,0,0
1721504807420,1096,Load Login(for key),200,OK,Login  1-36,text,true,,39684,157,34,34,https://magento.softwaretestingboard.com/customer/account/login,1094,0,117
1721504806652,1888,Account Page,200,OK,Login  1-3,text,true,,51516,370,34,34,https://magento.softwaretestingboard.com/customer/account,1885,0,0
1721504789491,19085,Load Login(for key),200,OK,Login  1-38,text,true,,39682,157,33,33,https://magento.softwaretestingboard.com/customer/account/login,19072,0,110
1721504789013,19563,Load Login(for key),200,OK,Login  1-26,text,true,,39690,157,33,33,https://magento.softwaretestingboard.com/customer/account/login,19547,0,135
1721504806823,1761,Account Page,200,OK,Login  1-37,text,true,,51514,370,33,33,https://magento.softwaretestingboard.com/customer/account,1755,0,0
1721504807002,1594,Account Page,200,OK,Login  1-5,text,true,,51522,370,32,32,https://magento.softwaretestingboard.com/customer/account,1582,0,0
1721504806685,2009,Account Page,200,OK,Login  1-23,text,true,,51516,370,31,31,https://magento.softwaretestingboard.com/customer/account,1995,0,0
1721504790795,18211,Login,200,OK,Login  1-30,text,true,,58315,774,30,30,https://magento.softwaretestingboard.com/customer/account/,16347,0,0
1721504790795,16347,Login-0,302,Found,Login  1-30,text,true,,6791,403,30,30,https://magento.softwaretestingboard.com/customer/account/loginPost,16347,0,0
1721504807144,1862,Login-1,200,OK,Login  1-30,text,true,,51524,371,30,30,https://magento.softwaretestingboard.com/customer/account/,1820,0,0
1721504802699,6488,Login,200,OK,Login  1-50,text,true,,58321,774,30,30,https://magento.softwaretestingboard.com/customer/account/,4484,0,0
1721504802699,4484,Login-0,302,Found,Login  1-50,text,true,,6787,403,30,30,https://magento.softwaretestingboard.com/customer/account/loginPost,4484,0,0
1721504807184,2003,Login-1,200,OK,Login  1-50,text,true,,51534,371,30,30,https://magento.softwaretestingboard.com/customer/account/,1966,0,0
1721504806718,2498,Account Page,200,OK,Login  1-31,text,true,,51525,370,30,30,https://magento.softwaretestingboard.com/customer/account,2469,0,0
1721504802584,6817,Load Login(for key),200,OK,Login  1-42,text,true,,39676,157,29,29,https://magento.softwaretestingboard.com/customer/account/login,6800,0,117
1721504806408,3549,Login,200,OK,Login  1-48,text,true,,58317,774,29,29,https://magento.softwaretestingboard.com/customer/account/,1703,0,0
1721504806408,1703,Login-0,302,Found,Login  1-48,text,true,,6793,403,29,29,https://magento.softwaretestingboard.com/customer/account/loginPost,1703,0,0
1721504808111,1846,Login-1,200,OK,Login  1-48,text,true,,51524,371,29,29,https://magento.softwaretestingboard.com/customer/account/,1832,0,0
1721504791385,18589,Login,200,OK,Login  1-47,text,true,,58329,774,29,29,https://magento.softwaretestingboard.com/customer/account/,16620,0,0
1721504791385,16620,Login-0,302,Found,Login  1-47,text,true,,6783,403,29,29,https://magento.softwaretestingboard.com/customer/account/loginPost,16620,0,0
1721504808006,1968,Login-1,200,OK,Login  1-47,text,true,,51546,371,29,29,https://magento.softwaretestingboard.com/customer/account/,1937,0,0
1721504805482,4621,Login,200,OK,Login  1-27,text,true,,58323,774,29,29,https://magento.softwaretestingboard.com/customer/account/,2850,0,0
1721504805482,2850,Login-0,302,Found,Login  1-27,text,true,,6793,403,29,29,https://magento.softwaretestingboard.com/customer/account/loginPost,2850,0,0
1721504808333,1770,Login-1,200,OK,Login  1-27,text,true,,51530,371,29,29,https://magento.softwaretestingboard.com/customer/account/,1736,0,0
1721504806492,3613,Login,200,OK,Login  1-46,text,true,,58315,774,29,29,https://magento.softwaretestingboard.com/customer/account/,1568,0,0
1721504806492,1568,Login-0,302,Found,Login  1-46,text,true,,6785,403,29,29,https://magento.softwaretestingboard.com/customer/account/loginPost,1568,0,0
1721504808060,2045,Login-1,200,OK,Login  1-46,text,true,,51530,371,29,29,https://magento.softwaretestingboard.com/customer/account/,2043,0,0
1721504808394,1776,Account Page,200,OK,Login  1-21,text,true,,51516,370,29,29,https://magento.softwaretestingboard.com/customer/account,1754,0,0
1721504808289,1884,Account Page,200,OK,Login  1-40,text,true,,51524,370,28,28,https://magento.softwaretestingboard.com/customer/account,1881,0,0
1721504806989,3224,Login,200,OK,Login  1-45,text,true,,58311,774,27,27,https://magento.softwaretestingboard.com/customer/account/,1406,0,0
1721504806989,1406,Login-0,302,Found,Login  1-45,text,true,,6787,403,27,27,https://magento.softwaretestingboard.com/customer/account/loginPost,1406,0,0
1721504808395,1818,Login-1,200,OK,Login  1-45,text,true,,51524,371,27,27,https://magento.softwaretestingboard.com/customer/account/,1818,0,0
1721504807362,2904,Account Page,200,OK,Login  1-9,text,true,,51525,370,27,27,https://magento.softwaretestingboard.com/customer/account,2894,0,0
1721504801398,8873,Account Page,200,OK,Login  1-44,text,true,,51518,370,26,26,https://magento.softwaretestingboard.com/customer/account,8868,0,0
1721504809012,1486,Account Page,200,OK,Login  1-30,text,true,,51510,370,26,26,https://magento.softwaretestingboard.com/customer/account,1476,0,0
1721504805395,5198,Login,200,OK,Login  1-43,text,true,,58317,774,26,26,https://magento.softwaretestingboard.com/customer/account/,3567,0,0
1721504805395,3567,Login-0,302,Found,Login  1-43,text,true,,6783,403,26,26,https://magento.softwaretestingboard.com/customer/account/loginPost,3567,0,0
1721504808963,1630,Login-1,200,OK,Login  1-43,text,true,,51534,371,26,26,https://magento.softwaretestingboard.com/customer/account/,1622,0,0
1721504805772,5119,Login,200,OK,Login  1-32,text,true,,58319,774,26,26,https://magento.softwaretestingboard.com/customer/account/,3501,0,0
1721504805772,3501,Login-0,302,Found,Login  1-32,text,true,,6785,403,26,26,https://magento.softwaretestingboard.com/customer/account/loginPost,3501,0,0
1721504809273,1618,Login-1,200,OK,Login  1-32,text,true,,51534,371,26,26,https://magento.softwaretestingboard.com/customer/account/,1615,0,0
1721504809187,1705,Account Page,200,OK,Login  1-50,text,true,,51510,370,26,26,https://magento.softwaretestingboard.com/customer/account,1701,0,0
1721504805956,5426,Login,200,OK,Login  1-12,text,true,,58313,774,25,25,https://magento.softwaretestingboard.com/customer/account/,1546,0,0
1721504805956,1546,Login-0,302,Found,Login  1-12,text,true,,6789,403,25,25,https://magento.softwaretestingboard.com/customer/account/loginPost,1546,0,0
1721504807502,3880,Login-1,200,OK,Login  1-12,text,true,,51524,371,25,25,https://magento.softwaretestingboard.com/customer/account/,3868,0,0
1721504809957,1562,Account Page,200,OK,Login  1-48,text,true,,51522,370,25,25,https://magento.softwaretestingboard.com/customer/account,1545,0,0
1721504789332,22244,Load Login(for key),200,OK,Login  1-34,text,true,,39684,157,25,25,https://magento.softwaretestingboard.com/customer/account/login,22237,0,101
1721504803669,8024,Login,200,OK,Login  1-33,text,true,,58325,774,25,25,https://magento.softwaretestingboard.com/customer/account/,6229,0,0
1721504803669,6229,Login-0,302,Found,Login  1-33,text,true,,6795,403,25,25,https://magento.softwaretestingboard.com/customer/account/loginPost,6229,0,0
1721504809899,1794,Login-1,200,OK,Login  1-33,text,true,,51530,371,25,25,https://magento.softwaretestingboard.com/customer/account/,1757,0,0
1721504807424,4284,Login,200,OK,Login  1-14,text,true,,58315,774,25,25,https://magento.softwaretestingboard.com/customer/account/,2510,0,0
1721504807424,2510,Login-0,302,Found,Login  1-14,text,true,,6781,403,25,25,https://magento.softwaretestingboard.com/customer/account/loginPost,2510,0,0
1721504809934,1774,Login-1,200,OK,Login  1-14,text,true,,51534,371,25,25,https://magento.softwaretestingboard.com/customer/account/,1761,0,0
1721504809974,1734,Account Page,200,OK,Login  1-47,text,true,,51516,370,25,25,https://magento.softwaretestingboard.com/customer/account,1721,0,0
1721504810272,1438,Load Login(for key),200,OK,Login  1-44,text,true,,39678,157,25,25,https://magento.softwaretestingboard.com/customer/account/login,1436,0,113
1721504800395,11317,Login,200,OK,Login  1-41,text,true,,58309,774,25,25,https://magento.softwaretestingboard.com/customer/account/,9596,0,0
1721504800395,9596,Login-0,302,Found,Login  1-41,text,true,,6783,403,25,25,https://magento.softwaretestingboard.com/customer/account/loginPost,9596,0,0
1721504809991,1721,Login-1,200,OK,Login  1-41,text,true,,51526,371,25,25,https://magento.softwaretestingboard.com/customer/account/,1719,0,0
1721504810500,1257,Load Login(for key),200,OK,Login  1-30,text,true,,39684,157,25,25,https://magento.softwaretestingboard.com/customer/account/login,1243,0,86
1721504807510,4339,Login,200,OK,Login  1-18,text,true,,58309,774,25,25,https://magento.softwaretestingboard.com/customer/account/,2430,0,0
1721504807510,2430,Login-0,302,Found,Login  1-18,text,true,,6785,403,25,25,https://magento.softwaretestingboard.com/customer/account/loginPost,2430,0,0
1721504809941,1908,Login-1,200,OK,Login  1-18,text,true,,51524,371,25,25,https://magento.softwaretestingboard.com/customer/account/,1904,0,0
1721504808579,3285,Login,200,OK,Login  1-38,text,true,,58319,774,25,25,https://magento.softwaretestingboard.com/customer/account/,1591,0,0
1721504808579,1591,Login-0,302,Found,Login  1-38,text,true,,6791,403,25,25,https://magento.softwaretestingboard.com/customer/account/loginPost,1591,0,0
1721504810170,1694,Login-1,200,OK,Login  1-38,text,true,,51528,371,25,25,https://magento.softwaretestingboard.com/customer/account/,1686,0,0
1721504790714,21150,Login,200,OK,Login  1-24,text,true,,58319,774,25,25,https://magento.softwaretestingboard.com/customer/account/,19154,0,0
1721504790714,19154,Login-0,302,Found,Login  1-24,text,true,,6787,403,25,25,https://magento.softwaretestingboard.com/customer/account/loginPost,19154,0,0
1721504809869,1995,Login-1,200,OK,Login  1-24,text,true,,51532,371,25,25,https://magento.softwaretestingboard.com/customer/account/,1986,0,0
1721504810106,1765,Account Page,200,OK,Login  1-46,text,true,,51516,370,25,25,https://magento.softwaretestingboard.com/customer/account,1759,0,0
1721504810103,1769,Account Page,200,OK,Login  1-27,text,true,,51512,370,25,25,https://magento.softwaretestingboard.com/customer/account,1762,0,0
1721504810214,1767,Account Page,200,OK,Login  1-45,text,true,,51522,370,23,23,https://magento.softwaretestingboard.com/customer/account,1757,0,0
1721504808579,3461,Login,200,OK,Login  1-26,text,true,,58332,774,22,22,https://magento.softwaretestingboard.com/customer/account/,1526,0,0
1721504808579,1526,Login-0,302,Found,Login  1-26,text,true,,6785,403,22,22,https://magento.softwaretestingboard.com/customer/account/loginPost,1526,0,0
1721504810105,1935,Login-1,200,OK,Login  1-26,text,true,,51547,371,22,22,https://magento.softwaretestingboard.com/customer/account/,1919,0,0
1721504810594,1597,Account Page,200,OK,Login  1-43,text,true,,51518,370,22,22,https://magento.softwaretestingboard.com/customer/account,1581,0,0
1721504802808,9601,Load Login(for key),200,OK,Login  1-39,text,true,,39682,157,22,22,https://magento.softwaretestingboard.com/customer/account/login,9580,0,93
1721504789931,22650,Load Login(for key),200,OK,Login  1-49,text,true,,39676,157,22,22,https://magento.softwaretestingboard.com/customer/account/login,22648,0,112
1721504810891,1908,Account Page,200,OK,Login  1-32,text,true,,51516,370,22,22,https://magento.softwaretestingboard.com/customer/account,1881,0,0
1721504811521,1285,Load Login(for key),200,OK,Login  1-48,text,true,,39684,157,21,21,https://magento.softwaretestingboard.com/customer/account/login,1278,0,86
1721504811711,1391,Load Login(for key),200,OK,Login  1-47,text,true,,39690,157,21,21,https://magento.softwaretestingboard.com/customer/account/login,1386,0,108
1721504811383,1713,Account Page,200,OK,Login  1-12,text,true,,51524,370,21,21,https://magento.softwaretestingboard.com/customer/account,1686,0,0
1721504792176,21099,Account Page,200,OK,Login  1-2,text,true,,51522,370,20,20,https://magento.softwaretestingboard.com/customer/account,21081,0,0
1721504808537,4850,Login,200,OK,Login  1-36,text,true,,58309,774,20,20,https://magento.softwaretestingboard.com/customer/account/,2355,0,0
1721504808537,2355,Login-0,302,Found,Login  1-36,text,true,,6783,403,20,20,https://magento.softwaretestingboard.com/customer/account/loginPost,2355,0,0
1721504810892,2495,Login-1,200,OK,Login  1-36,text,true,,51526,371,20,20,https://magento.softwaretestingboard.com/customer/account/,2453,0,0
1721504812193,1198,Load Login(for key),200,OK,Login  1-43,text,true,,39676,157,20,20,https://magento.softwaretestingboard.com/customer/account/login,1194,0,106
1721504811694,1783,Account Page,200,OK,Login  1-33,text,true,,51526,370,20,20,https://magento.softwaretestingboard.com/customer/account,1759,0,0
1721504811713,1868,Account Page,200,OK,Login  1-41,text,true,,51531,370,19,19,https://magento.softwaretestingboard.com/customer/account,1857,0,0
1721504811850,1844,Account Page,200,OK,Login  1-18,text,true,,51512,370,18,18,https://magento.softwaretestingboard.com/customer/account,1836,0,0
1721504811709,1995,Account Page,200,OK,Login  1-14,text,true,,51520,370,17,17,https://magento.softwaretestingboard.com/customer/account,1980,0,0
1721504811865,1944,Account Page,200,OK,Login  1-24,text,true,,51516,370,16,16,https://magento.softwaretestingboard.com/customer/account,1922,0,0
1721504811865,1944,Account Page,200,OK,Login  1-38,text,true,,51514,370,16,16,https://magento.softwaretestingboard.com/customer/account,1916,0,0
1721504789117,24739,Login,200,OK,Login  1-11,text,true,,58314,774,16,16,https://magento.softwaretestingboard.com/customer/account/,22775,0,0
1721504789117,22775,Login-0,302,Found,Login  1-11,text,true,,6783,403,16,16,https://magento.softwaretestingboard.com/customer/account/loginPost,22775,0,0
1721504811894,1962,Login-1,200,OK,Login  1-11,text,true,,51531,371,16,16,https://magento.softwaretestingboard.com/customer/account/,1924,0,0
1721504809403,4564,Login,200,OK,Login  1-42,text,true,,58328,774,16,16,https://magento.softwaretestingboard.com/customer/account/,2474,0,0
1721504809403,2474,Login-0,302,Found,Login  1-42,text,true,,6791,403,16,16,https://magento.softwaretestingboard.com/customer/account/loginPost,2474,0,0
1721504811878,2089,Login-1,200,OK,Login  1-42,text,true,,51537,371,16,16,https://magento.softwaretestingboard.com/customer/account/,2081,0,0
1721504812041,1934,Account Page,200,OK,Login  1-26,text,true,,51524,370,16,16,https://magento.softwaretestingboard.com/customer/account,1926,0,0
1721504799801,14289,Login,200,OK,Login  1-28,text,true,,58311,774,16,16,https://magento.softwaretestingboard.com/customer/account/,13085,0,0
1721504799801,13085,Login-0,302,Found,Login  1-28,text,true,,6787,403,16,16,https://magento.softwaretestingboard.com/customer/account/loginPost,13085,0,0
1721504812886,1204,Login-1,200,OK,Login  1-28,text,true,,51524,371,16,16,https://magento.softwaretestingboard.com/customer/account/,1189,0,0
1721504813277,836,Load Login(for key),200,OK,Login  1-2,text,true,,39676,157,16,16,https://magento.softwaretestingboard.com/customer/account/login,825,0,115
1721504811578,2633,Login,200,OK,Login  1-34,text,true,,58317,774,16,16,https://magento.softwaretestingboard.com/customer/account/,1524,0,0
1721504811578,1524,Login-0,302,Found,Login  1-34,text,true,,6791,403,16,16,https://magento.softwaretestingboard.com/customer/account/loginPost,1524,0,0
1721504813102,1109,Login-1,200,OK,Login  1-34,text,true,,51526,371,16,16,https://magento.softwaretestingboard.com/customer/account/,1104,0,0
1721504811713,2568,Login,200,OK,Login  1-44,text,true,,58317,774,16,16,https://magento.softwaretestingboard.com/customer/account/,1566,0,0
1721504811713,1566,Login-0,302,Found,Login  1-44,text,true,,6785,403,16,16,https://magento.softwaretestingboard.com/customer/account/loginPost,1566,0,0
1721504813279,1002,Login-1,200,OK,Login  1-44,text,true,,51532,371,16,16,https://magento.softwaretestingboard.com/customer/account/,994,0,0
1721504811759,2691,Login,200,OK,Login  1-30,text,true,,58320,774,16,16,https://magento.softwaretestingboard.com/customer/account/,1741,0,0
1721504811759,1741,Login-0,302,Found,Login  1-30,text,true,,6785,403,16,16,https://magento.softwaretestingboard.com/customer/account/loginPost,1741,0,0
1721504813501,949,Login-1,200,OK,Login  1-30,text,true,,51535,371,16,16,https://magento.softwaretestingboard.com/customer/account/,919,0,0
1721504813388,1134,Account Page,200,OK,Login  1-36,text,true,,51520,370,16,16,https://magento.softwaretestingboard.com/customer/account,1094,0,0
1721504813810,803,Load Login(for key),200,OK,Login  1-24,text,true,,39692,157,15,15,https://magento.softwaretestingboard.com/customer/account/login,786,0,97
1721504813810,870,Load Login(for key),200,OK,Login  1-38,text,true,,39676,157,15,15,https://magento.softwaretestingboard.com/customer/account/login,865,0,95
1721504813976,906,Load Login(for key),200,OK,Login  1-26,text,true,,39680,157,15,15,https://magento.softwaretestingboard.com/customer/account/login,887,0,91
1721504813856,1040,Account Page,200,OK,Login  1-11,text,true,,51512,370,15,15,https://magento.softwaretestingboard.com/customer/account,1027,0,0
1721504812413,2553,Login,200,OK,Login  1-39,text,true,,58313,774,15,15,https://magento.softwaretestingboard.com/customer/account/,1396,0,0
1721504812413,1396,Login-0,302,Found,Login  1-39,text,true,,6785,403,15,15,https://magento.softwaretestingboard.com/customer/account/loginPost,1396,0,0
1721504813808,1158,Login-1,200,OK,Login  1-39,text,true,,51528,371,15,15,https://magento.softwaretestingboard.com/customer/account/,1148,0,0
1721504812605,2417,Login,200,OK,Login  1-49,text,true,,58315,740,15,15,https://magento.softwaretestingboard.com/customer/account/,1370,0,0
1721504812605,1370,Login-0,302,Found,Login  1-49,text,true,,6791,403,15,15,https://magento.softwaretestingboard.com/customer/account/loginPost,1370,0,0
1721504813975,1047,Login-1,200,OK,Login  1-49,text,true,,51524,337,15,15,https://magento.softwaretestingboard.com/customer/account/,1043,0,0
1721504812809,2266,Login,200,OK,Login  1-48,text,true,,58309,774,15,15,https://magento.softwaretestingboard.com/customer/account/,1200,0,0
1721504812809,1200,Login-0,302,Found,Login  1-48,text,true,,6783,403,15,15,https://magento.softwaretestingboard.com/customer/account/loginPost,1200,0,0
1721504814009,1066,Login-1,200,OK,Login  1-48,text,true,,51526,371,15,15,https://magento.softwaretestingboard.com/customer/account/,1056,0,0
1721504814090,1079,Account Page,200,OK,Login  1-28,text,true,,51508,370,15,15,https://magento.softwaretestingboard.com/customer/account,1074,0,0
1721504813967,1212,Account Page,200,OK,Login  1-42,text,true,,51521,370,14,14,https://magento.softwaretestingboard.com/customer/account,1040,0,0
1721504814211,1077,Account Page,200,OK,Login  1-34,text,true,,51520,370,13,13,https://magento.softwaretestingboard.com/customer/account,1057,0,0
1721504813114,2291,Login,200,OK,Login  1-47,text,true,,58329,774,13,13,https://magento.softwaretestingboard.com/customer/account/,1097,0,0
1721504813114,1097,Login-0,302,Found,Login  1-47,text,true,,6791,403,13,13,https://magento.softwaretestingboard.com/customer/account/loginPost,1097,0,0
1721504814210,1195,Login-1,200,OK,Login  1-47,text,true,,51538,371,13,13,https://magento.softwaretestingboard.com/customer/account/,1187,0,0
1721504813392,2024,Login,200,OK,Login  1-43,text,true,,58309,774,13,13,https://magento.softwaretestingboard.com/customer/account/,1027,0,0
1721504813392,1027,Login-0,302,Found,Login  1-43,text,true,,6783,403,13,13,https://magento.softwaretestingboard.com/customer/account/loginPost,1027,0,0
1721504814418,998,Login-1,200,OK,Login  1-43,text,true,,51526,371,13,13,https://magento.softwaretestingboard.com/customer/account/,990,0,0
1721504814449,1051,Account Page,200,OK,Login  1-30,text,true,,51528,370,13,13,https://magento.softwaretestingboard.com/customer/account,1031,0,0
1721504814281,1297,Account Page,200,OK,Login  1-44,text,true,,51512,370,12,12,https://magento.softwaretestingboard.com/customer/account,1284,0,0
1721504814899,823,Load Login(for key),200,OK,Login  1-11,text,true,,39686,157,11,11,https://magento.softwaretestingboard.com/customer/account/login,812,0,99
1721504815076,958,Account Page,200,OK,Login  1-48,text,true,,51514,370,11,11,https://magento.softwaretestingboard.com/customer/account,940,0,0
1721504815289,806,Load Login(for key),200,OK,Login  1-34,text,true,,39678,157,10,10,https://magento.softwaretestingboard.com/customer/account/login,794,0,100
1721504815023,1162,Account Page,200,OK,Login  1-49,text,true,,51518,336,10,10,https://magento.softwaretestingboard.com/customer/account,1152,0,0
1721504814968,1221,Account Page,200,OK,Login  1-39,text,true,,51512,370,10,10,https://magento.softwaretestingboard.com/customer/account,1207,0,0
1721504814115,2166,Login,200,OK,Login  1-2,text,true,,58319,774,9,9,https://magento.softwaretestingboard.com/customer/account/,1012,0,0
1721504814115,1012,Login-0,302,Found,Login  1-2,text,true,,6791,403,9,9,https://magento.softwaretestingboard.com/customer/account/loginPost,1012,0,0
1721504815127,1154,Login-1,200,OK,Login  1-2,text,true,,51528,371,9,9,https://magento.softwaretestingboard.com/customer/account/,1136,0,0
1721504815406,1040,Account Page,200,OK,Login  1-47,text,true,,51508,370,9,9,https://magento.softwaretestingboard.com/customer/account,1037,0,0
1721504815417,1050,Account Page,200,OK,Login  1-43,text,true,,51516,370,8,8,https://magento.softwaretestingboard.com/customer/account,1030,0,0
1721504814617,1995,Login,200,OK,Login  1-24,text,true,,58315,774,7,7,https://magento.softwaretestingboard.com/customer/account/,908,0,0
1721504814683,1929,Login,200,OK,Login  1-38,text,true,,58316,774,7,7,https://magento.softwaretestingboard.com/customer/account/,939,0,0
1721504814617,908,Login-0,302,Found,Login  1-24,text,true,,6785,403,7,7,https://magento.softwaretestingboard.com/customer/account/loginPost,908,0,0
1721504814683,939,Login-0,302,Found,Login  1-38,text,true,,6783,403,7,7,https://magento.softwaretestingboard.com/customer/account/loginPost,939,0,0
1721504815525,1087,Login-1,200,OK,Login  1-24,text,true,,51530,371,7,7,https://magento.softwaretestingboard.com/customer/account/,1034,0,0
1721504815622,990,Login-1,200,OK,Login  1-38,text,true,,51533,371,7,7,https://magento.softwaretestingboard.com/customer/account/,793,0,0
1721504814885,1734,Login,200,OK,Login  1-26,text,true,,58317,774,7,7,https://magento.softwaretestingboard.com/customer/account/,925,0,0
1721504814885,925,Login-0,302,Found,Login  1-26,text,true,,6789,403,7,7,https://magento.softwaretestingboard.com/customer/account/loginPost,925,0,0
1721504815811,808,Login-1,200,OK,Login  1-26,text,true,,51528,371,7,7,https://magento.softwaretestingboard.com/customer/account/,802,0,0
1721504816185,681,Load Login(for key),200,OK,Login  1-49,text,true,,39680,157,7,7,https://magento.softwaretestingboard.com/customer/account/login,659,0,101
1721504815725,1483,Login,200,OK,Login  1-11,text,true,,58311,774,7,7,https://magento.softwaretestingboard.com/customer/account/,744,0,0
1721504815725,744,Login-0,302,Found,Login  1-11,text,true,,6783,403,7,7,https://magento.softwaretestingboard.com/customer/account/loginPost,744,0,0
1721504816469,739,Login-1,200,OK,Login  1-11,text,true,,51528,371,7,7,https://magento.softwaretestingboard.com/customer/account/,728,0,0
1721504816283,897,Account Page,200,OK,Login  1-2,text,true,,51520,370,7,7,https://magento.softwaretestingboard.com/customer/account,883,0,0
1721504816620,894,Account Page,200,OK,Login  1-26,text,true,,51510,370,6,6,https://magento.softwaretestingboard.com/customer/account,876,0,0
1721504816613,930,Account Page,200,OK,Login  1-38,text,true,,51512,370,5,5,https://magento.softwaretestingboard.com/customer/account,902,0,0
1721504816613,934,Account Page,200,OK,Login  1-24,text,true,,51520,370,4,4,https://magento.softwaretestingboard.com/customer/account,930,0,0
1721504816096,1458,Login,200,OK,Login  1-34,text,true,,58313,774,3,3,https://magento.softwaretestingboard.com/customer/account/,716,0,0
1721504816096,716,Login-0,302,Found,Login  1-34,text,true,,6781,403,3,3,https://magento.softwaretestingboard.com/customer/account/loginPost,716,0,0
1721504816812,742,Login-1,200,OK,Login  1-34,text,true,,51532,371,3,3,https://magento.softwaretestingboard.com/customer/account/,735,0,0
1721504817214,924,Account Page,200,OK,Login  1-11,text,true,,51535,370,3,3,https://magento.softwaretestingboard.com/customer/account,752,0,0
1721504817555,738,Account Page,200,OK,Login  1-34,text,true,,51512,370,2,2,https://magento.softwaretestingboard.com/customer/account,727,0,0
1721504816867,1611,Login,200,OK,Login  1-49,text,true,,58309,774,1,1,https://magento.softwaretestingboard.com/customer/account/,702,0,0
1721504816867,702,Login-0,302,Found,Login  1-49,text,true,,6783,403,1,1,https://magento.softwaretestingboard.com/customer/account/loginPost,702,0,0
1721504817569,909,Login-1,200,OK,Login  1-49,text,true,,51526,371,1,1,https://magento.softwaretestingboard.com/customer/account/,887,0,0
1721504818479,893,Account Page,200,OK,Login  1-49,text,true,,51512,370,1,1,https://magento.softwaretestingboard.com/customer/account,885,0,0
